,epoch,loss
0,1,"tensor(0.6924, dtype=torch.float64, grad_fn=<NllLossBackward>)"
1,2,"tensor(0.6696, dtype=torch.float64, grad_fn=<NllLossBackward>)"
2,3,"tensor(0.6208, dtype=torch.float64, grad_fn=<NllLossBackward>)"
3,4,"tensor(0.5421, dtype=torch.float64, grad_fn=<NllLossBackward>)"
4,5,"tensor(0.6930, dtype=torch.float64, grad_fn=<NllLossBackward>)"
5,6,"tensor(0.6794, dtype=torch.float64, grad_fn=<NllLossBackward>)"
6,7,"tensor(0.6617, dtype=torch.float64, grad_fn=<NllLossBackward>)"
7,8,"tensor(0.6534, dtype=torch.float64, grad_fn=<NllLossBackward>)"
8,9,"tensor(0.6419, dtype=torch.float64, grad_fn=<NllLossBackward>)"
9,10,"tensor(0.6631, dtype=torch.float64, grad_fn=<NllLossBackward>)"
10,11,"tensor(0.6311, dtype=torch.float64, grad_fn=<NllLossBackward>)"
11,12,"tensor(0.7141, dtype=torch.float64, grad_fn=<NllLossBackward>)"
12,13,"tensor(0.5864, dtype=torch.float64, grad_fn=<NllLossBackward>)"
13,14,"tensor(0.5952, dtype=torch.float64, grad_fn=<NllLossBackward>)"
14,15,"tensor(0.5924, dtype=torch.float64, grad_fn=<NllLossBackward>)"
15,16,"tensor(0.6028, dtype=torch.float64, grad_fn=<NllLossBackward>)"
16,17,"tensor(0.6322, dtype=torch.float64, grad_fn=<NllLossBackward>)"
17,18,"tensor(0.5902, dtype=torch.float64, grad_fn=<NllLossBackward>)"
18,19,"tensor(0.5453, dtype=torch.float64, grad_fn=<NllLossBackward>)"
19,20,"tensor(0.4828, dtype=torch.float64, grad_fn=<NllLossBackward>)"
20,21,"tensor(0.4804, dtype=torch.float64, grad_fn=<NllLossBackward>)"
21,22,"tensor(0.5619, dtype=torch.float64, grad_fn=<NllLossBackward>)"
22,23,"tensor(0.4054, dtype=torch.float64, grad_fn=<NllLossBackward>)"
23,24,"tensor(0.4658, dtype=torch.float64, grad_fn=<NllLossBackward>)"
24,25,"tensor(0.2803, dtype=torch.float64, grad_fn=<NllLossBackward>)"
25,26,"tensor(0.2451, dtype=torch.float64, grad_fn=<NllLossBackward>)"
26,27,"tensor(0.2252, dtype=torch.float64, grad_fn=<NllLossBackward>)"
27,28,"tensor(0.1600, dtype=torch.float64, grad_fn=<NllLossBackward>)"
28,29,"tensor(0.1408, dtype=torch.float64, grad_fn=<NllLossBackward>)"
29,30,"tensor(0.2686, dtype=torch.float64, grad_fn=<NllLossBackward>)"
30,31,"tensor(0.2582, dtype=torch.float64, grad_fn=<NllLossBackward>)"
31,32,"tensor(0.1867, dtype=torch.float64, grad_fn=<NllLossBackward>)"
32,33,"tensor(0.1764, dtype=torch.float64, grad_fn=<NllLossBackward>)"
33,34,"tensor(0.1308, dtype=torch.float64, grad_fn=<NllLossBackward>)"
34,35,"tensor(0.1007, dtype=torch.float64, grad_fn=<NllLossBackward>)"
35,36,"tensor(0.0488, dtype=torch.float64, grad_fn=<NllLossBackward>)"
36,37,"tensor(0.0894, dtype=torch.float64, grad_fn=<NllLossBackward>)"
37,38,"tensor(0.1157, dtype=torch.float64, grad_fn=<NllLossBackward>)"
38,39,"tensor(0.0960, dtype=torch.float64, grad_fn=<NllLossBackward>)"
39,40,"tensor(0.0275, dtype=torch.float64, grad_fn=<NllLossBackward>)"
40,41,"tensor(0.0312, dtype=torch.float64, grad_fn=<NllLossBackward>)"
41,42,"tensor(0.0186, dtype=torch.float64, grad_fn=<NllLossBackward>)"
42,43,"tensor(0.0146, dtype=torch.float64, grad_fn=<NllLossBackward>)"
43,44,"tensor(0.0169, dtype=torch.float64, grad_fn=<NllLossBackward>)"
44,45,"tensor(0.0242, dtype=torch.float64, grad_fn=<NllLossBackward>)"
45,46,"tensor(0.0175, dtype=torch.float64, grad_fn=<NllLossBackward>)"
46,47,"tensor(0.0117, dtype=torch.float64, grad_fn=<NllLossBackward>)"
47,48,"tensor(0.0094, dtype=torch.float64, grad_fn=<NllLossBackward>)"
48,49,"tensor(0.0071, dtype=torch.float64, grad_fn=<NllLossBackward>)"
49,50,"tensor(0.0135, dtype=torch.float64, grad_fn=<NllLossBackward>)"
50,51,"tensor(0.0140, dtype=torch.float64, grad_fn=<NllLossBackward>)"
51,52,"tensor(0.0081, dtype=torch.float64, grad_fn=<NllLossBackward>)"
52,53,"tensor(0.0089, dtype=torch.float64, grad_fn=<NllLossBackward>)"
53,54,"tensor(0.0090, dtype=torch.float64, grad_fn=<NllLossBackward>)"
54,55,"tensor(0.0021, dtype=torch.float64, grad_fn=<NllLossBackward>)"
55,56,"tensor(0.0025, dtype=torch.float64, grad_fn=<NllLossBackward>)"
56,57,"tensor(0.0006, dtype=torch.float64, grad_fn=<NllLossBackward>)"
57,58,"tensor(0.0011, dtype=torch.float64, grad_fn=<NllLossBackward>)"
58,59,"tensor(0.0017, dtype=torch.float64, grad_fn=<NllLossBackward>)"
59,60,"tensor(0.0014, dtype=torch.float64, grad_fn=<NllLossBackward>)"
60,61,"tensor(0.0013, dtype=torch.float64, grad_fn=<NllLossBackward>)"
61,62,"tensor(0.0013, dtype=torch.float64, grad_fn=<NllLossBackward>)"
62,63,"tensor(0.0017, dtype=torch.float64, grad_fn=<NllLossBackward>)"
63,64,"tensor(0.0009, dtype=torch.float64, grad_fn=<NllLossBackward>)"
64,65,"tensor(0.5998, dtype=torch.float64, grad_fn=<NllLossBackward>)"
65,66,"tensor(0.6591, dtype=torch.float64, grad_fn=<NllLossBackward>)"
66,67,"tensor(0.6507, dtype=torch.float64, grad_fn=<NllLossBackward>)"
67,68,"tensor(0.5738, dtype=torch.float64, grad_fn=<NllLossBackward>)"
68,69,"tensor(0.5730, dtype=torch.float64, grad_fn=<NllLossBackward>)"
69,70,"tensor(0.5281, dtype=torch.float64, grad_fn=<NllLossBackward>)"
70,71,"tensor(0.4927, dtype=torch.float64, grad_fn=<NllLossBackward>)"
71,72,"tensor(0.5261, dtype=torch.float64, grad_fn=<NllLossBackward>)"
72,73,"tensor(0.4403, dtype=torch.float64, grad_fn=<NllLossBackward>)"
73,74,"tensor(0.4317, dtype=torch.float64, grad_fn=<NllLossBackward>)"
74,75,"tensor(0.5146, dtype=torch.float64, grad_fn=<NllLossBackward>)"
75,76,"tensor(0.4816, dtype=torch.float64, grad_fn=<NllLossBackward>)"
76,77,"tensor(0.4716, dtype=torch.float64, grad_fn=<NllLossBackward>)"
77,78,"tensor(0.4440, dtype=torch.float64, grad_fn=<NllLossBackward>)"
78,79,"tensor(0.4345, dtype=torch.float64, grad_fn=<NllLossBackward>)"
79,80,"tensor(0.0029, dtype=torch.float64, grad_fn=<NllLossBackward>)"
80,81,"tensor(0.0029, dtype=torch.float64, grad_fn=<NllLossBackward>)"
81,82,"tensor(0.0032, dtype=torch.float64, grad_fn=<NllLossBackward>)"
82,83,"tensor(0.0030, dtype=torch.float64, grad_fn=<NllLossBackward>)"
83,84,"tensor(0.0024, dtype=torch.float64, grad_fn=<NllLossBackward>)"
84,85,"tensor(0.0008, dtype=torch.float64, grad_fn=<NllLossBackward>)"
85,86,"tensor(0.0039, dtype=torch.float64, grad_fn=<NllLossBackward>)"
86,87,"tensor(0.0014, dtype=torch.float64, grad_fn=<NllLossBackward>)"
87,88,"tensor(0.0015, dtype=torch.float64, grad_fn=<NllLossBackward>)"
88,89,"tensor(0.0003, dtype=torch.float64, grad_fn=<NllLossBackward>)"
89,90,"tensor(0.0019, dtype=torch.float64, grad_fn=<NllLossBackward>)"
90,91,"tensor(0.0025, dtype=torch.float64, grad_fn=<NllLossBackward>)"
91,92,"tensor(0.0014, dtype=torch.float64, grad_fn=<NllLossBackward>)"
92,93,"tensor(0.0022, dtype=torch.float64, grad_fn=<NllLossBackward>)"
93,94,"tensor(0.0029, dtype=torch.float64, grad_fn=<NllLossBackward>)"
94,95,"tensor(0.0025, dtype=torch.float64, grad_fn=<NllLossBackward>)"
95,96,"tensor(0.0025, dtype=torch.float64, grad_fn=<NllLossBackward>)"
96,97,"tensor(0.0021, dtype=torch.float64, grad_fn=<NllLossBackward>)"
97,98,"tensor(0.0017, dtype=torch.float64, grad_fn=<NllLossBackward>)"
98,99,"tensor(0.0023, dtype=torch.float64, grad_fn=<NllLossBackward>)"
99,100,"tensor(0.3138, dtype=torch.float64, grad_fn=<NllLossBackward>)"
100,101,"tensor(0.2934, dtype=torch.float64, grad_fn=<NllLossBackward>)"
101,102,"tensor(0.2619, dtype=torch.float64, grad_fn=<NllLossBackward>)"
102,103,"tensor(0.2370, dtype=torch.float64, grad_fn=<NllLossBackward>)"
103,104,"tensor(0.2355, dtype=torch.float64, grad_fn=<NllLossBackward>)"
104,105,"tensor(0.0002, dtype=torch.float64, grad_fn=<NllLossBackward>)"
105,106,"tensor(0.0001, dtype=torch.float64, grad_fn=<NllLossBackward>)"
106,107,"tensor(0.0002, dtype=torch.float64, grad_fn=<NllLossBackward>)"
107,108,"tensor(0.0002, dtype=torch.float64, grad_fn=<NllLossBackward>)"
108,109,"tensor(9.4699e-05, dtype=torch.float64, grad_fn=<NllLossBackward>)"
109,110,"tensor(0.4389, dtype=torch.float64, grad_fn=<NllLossBackward>)"
110,111,"tensor(0.4257, dtype=torch.float64, grad_fn=<NllLossBackward>)"
111,112,"tensor(0.2575, dtype=torch.float64, grad_fn=<NllLossBackward>)"
112,113,"tensor(0.3782, dtype=torch.float64, grad_fn=<NllLossBackward>)"
113,114,"tensor(0.2540, dtype=torch.float64, grad_fn=<NllLossBackward>)"
114,115,"tensor(0.0041, dtype=torch.float64, grad_fn=<NllLossBackward>)"
115,116,"tensor(0.0033, dtype=torch.float64, grad_fn=<NllLossBackward>)"
116,117,"tensor(0.0042, dtype=torch.float64, grad_fn=<NllLossBackward>)"
117,118,"tensor(0.0027, dtype=torch.float64, grad_fn=<NllLossBackward>)"
118,119,"tensor(0.0036, dtype=torch.float64, grad_fn=<NllLossBackward>)"
119,120,"tensor(0.1554, dtype=torch.float64, grad_fn=<NllLossBackward>)"
120,121,"tensor(0.1288, dtype=torch.float64, grad_fn=<NllLossBackward>)"
121,122,"tensor(0.0833, dtype=torch.float64, grad_fn=<NllLossBackward>)"
122,123,"tensor(0.0778, dtype=torch.float64, grad_fn=<NllLossBackward>)"
123,124,"tensor(0.0649, dtype=torch.float64, grad_fn=<NllLossBackward>)"
124,125,"tensor(0.0007, dtype=torch.float64, grad_fn=<NllLossBackward>)"
125,126,"tensor(0.0005, dtype=torch.float64, grad_fn=<NllLossBackward>)"
126,127,"tensor(0.0003, dtype=torch.float64, grad_fn=<NllLossBackward>)"
127,128,"tensor(0.0004, dtype=torch.float64, grad_fn=<NllLossBackward>)"
128,129,"tensor(0.0005, dtype=torch.float64, grad_fn=<NllLossBackward>)"
129,130,"tensor(0.0965, dtype=torch.float64, grad_fn=<NllLossBackward>)"
130,131,"tensor(0.1563, dtype=torch.float64, grad_fn=<NllLossBackward>)"
131,132,"tensor(0.0630, dtype=torch.float64, grad_fn=<NllLossBackward>)"
132,133,"tensor(0.0395, dtype=torch.float64, grad_fn=<NllLossBackward>)"
133,134,"tensor(0.0757, dtype=torch.float64, grad_fn=<NllLossBackward>)"
134,135,"tensor(4.2462e-05, dtype=torch.float64, grad_fn=<NllLossBackward>)"
135,136,"tensor(3.9940e-05, dtype=torch.float64, grad_fn=<NllLossBackward>)"
136,137,"tensor(3.7103e-05, dtype=torch.float64, grad_fn=<NllLossBackward>)"
137,138,"tensor(3.5514e-05, dtype=torch.float64, grad_fn=<NllLossBackward>)"
138,139,"tensor(4.8927e-05, dtype=torch.float64, grad_fn=<NllLossBackward>)"
139,140,"tensor(0.0113, dtype=torch.float64, grad_fn=<NllLossBackward>)"
140,141,"tensor(0.0146, dtype=torch.float64, grad_fn=<NllLossBackward>)"
141,142,"tensor(0.0123, dtype=torch.float64, grad_fn=<NllLossBackward>)"
142,143,"tensor(0.0367, dtype=torch.float64, grad_fn=<NllLossBackward>)"
143,144,"tensor(0.0229, dtype=torch.float64, grad_fn=<NllLossBackward>)"
144,145,"tensor(0.0007, dtype=torch.float64, grad_fn=<NllLossBackward>)"
145,146,"tensor(0.0010, dtype=torch.float64, grad_fn=<NllLossBackward>)"
146,147,"tensor(0.0007, dtype=torch.float64, grad_fn=<NllLossBackward>)"
147,148,"tensor(0.0009, dtype=torch.float64, grad_fn=<NllLossBackward>)"
148,149,"tensor(0.0014, dtype=torch.float64, grad_fn=<NllLossBackward>)"
149,150,"tensor(0.0001, dtype=torch.float64, grad_fn=<NllLossBackward>)"
150,151,"tensor(0.0001, dtype=torch.float64, grad_fn=<NllLossBackward>)"
151,152,"tensor(4.9490e-05, dtype=torch.float64, grad_fn=<NllLossBackward>)"
152,153,"tensor(3.2571e-05, dtype=torch.float64, grad_fn=<NllLossBackward>)"
153,154,"tensor(1.2855e-05, dtype=torch.float64, grad_fn=<NllLossBackward>)"
154,155,"tensor(0.0002, dtype=torch.float64, grad_fn=<NllLossBackward>)"
155,156,"tensor(0.0006, dtype=torch.float64, grad_fn=<NllLossBackward>)"
156,157,"tensor(0.0002, dtype=torch.float64, grad_fn=<NllLossBackward>)"
157,158,"tensor(0.0003, dtype=torch.float64, grad_fn=<NllLossBackward>)"
158,159,"tensor(0.0003, dtype=torch.float64, grad_fn=<NllLossBackward>)"
159,160,"tensor(0.0371, dtype=torch.float64, grad_fn=<NllLossBackward>)"
160,161,"tensor(0.0414, dtype=torch.float64, grad_fn=<NllLossBackward>)"
161,162,"tensor(0.0461, dtype=torch.float64, grad_fn=<NllLossBackward>)"
162,163,"tensor(0.0312, dtype=torch.float64, grad_fn=<NllLossBackward>)"
163,164,"tensor(0.0309, dtype=torch.float64, grad_fn=<NllLossBackward>)"
164,165,"tensor(8.6388e-05, dtype=torch.float64, grad_fn=<NllLossBackward>)"
165,166,"tensor(0.0002, dtype=torch.float64, grad_fn=<NllLossBackward>)"
166,167,"tensor(0.0001, dtype=torch.float64, grad_fn=<NllLossBackward>)"
167,168,"tensor(6.7230e-05, dtype=torch.float64, grad_fn=<NllLossBackward>)"
168,169,"tensor(9.6221e-05, dtype=torch.float64, grad_fn=<NllLossBackward>)"
169,170,"tensor(0.0171, dtype=torch.float64, grad_fn=<NllLossBackward>)"
170,171,"tensor(0.0065, dtype=torch.float64, grad_fn=<NllLossBackward>)"
171,172,"tensor(0.0069, dtype=torch.float64, grad_fn=<NllLossBackward>)"
172,173,"tensor(0.0066, dtype=torch.float64, grad_fn=<NllLossBackward>)"
173,174,"tensor(0.0086, dtype=torch.float64, grad_fn=<NllLossBackward>)"
174,175,"tensor(8.5069e-06, dtype=torch.float64, grad_fn=<NllLossBackward>)"
175,176,"tensor(1.0168e-05, dtype=torch.float64, grad_fn=<NllLossBackward>)"
176,177,"tensor(8.2788e-06, dtype=torch.float64, grad_fn=<NllLossBackward>)"
177,178,"tensor(2.6670e-05, dtype=torch.float64, grad_fn=<NllLossBackward>)"
178,179,"tensor(1.1403e-05, dtype=torch.float64, grad_fn=<NllLossBackward>)"
179,180,"tensor(0.0077, dtype=torch.float64, grad_fn=<NllLossBackward>)"
180,181,"tensor(0.0049, dtype=torch.float64, grad_fn=<NllLossBackward>)"
181,182,"tensor(0.0039, dtype=torch.float64, grad_fn=<NllLossBackward>)"
182,183,"tensor(0.0050, dtype=torch.float64, grad_fn=<NllLossBackward>)"
183,184,"tensor(0.0074, dtype=torch.float64, grad_fn=<NllLossBackward>)"
184,185,"tensor(2.5559e-05, dtype=torch.float64, grad_fn=<NllLossBackward>)"
185,186,"tensor(2.8348e-05, dtype=torch.float64, grad_fn=<NllLossBackward>)"
186,187,"tensor(2.8588e-05, dtype=torch.float64, grad_fn=<NllLossBackward>)"
187,188,"tensor(2.0873e-05, dtype=torch.float64, grad_fn=<NllLossBackward>)"
188,189,"tensor(2.6871e-05, dtype=torch.float64, grad_fn=<NllLossBackward>)"
189,190,"tensor(0.0140, dtype=torch.float64, grad_fn=<NllLossBackward>)"
190,191,"tensor(0.0083, dtype=torch.float64, grad_fn=<NllLossBackward>)"
191,192,"tensor(0.0093, dtype=torch.float64, grad_fn=<NllLossBackward>)"
192,193,"tensor(0.0121, dtype=torch.float64, grad_fn=<NllLossBackward>)"
193,194,"tensor(0.0119, dtype=torch.float64, grad_fn=<NllLossBackward>)"
194,195,"tensor(3.5358e-05, dtype=torch.float64, grad_fn=<NllLossBackward>)"
195,196,"tensor(1.9037e-05, dtype=torch.float64, grad_fn=<NllLossBackward>)"
196,197,"tensor(2.1588e-05, dtype=torch.float64, grad_fn=<NllLossBackward>)"
197,198,"tensor(3.9512e-05, dtype=torch.float64, grad_fn=<NllLossBackward>)"
198,199,"tensor(1.6053e-05, dtype=torch.float64, grad_fn=<NllLossBackward>)"
199,200,"tensor(0.0012, dtype=torch.float64, grad_fn=<NllLossBackward>)"
200,201,"tensor(0.0012, dtype=torch.float64, grad_fn=<NllLossBackward>)"
201,202,"tensor(0.0011, dtype=torch.float64, grad_fn=<NllLossBackward>)"
202,203,"tensor(0.0011, dtype=torch.float64, grad_fn=<NllLossBackward>)"
203,204,"tensor(0.0013, dtype=torch.float64, grad_fn=<NllLossBackward>)"
204,205,"tensor(0.0150, dtype=torch.float64, grad_fn=<NllLossBackward>)"
205,206,"tensor(0.0051, dtype=torch.float64, grad_fn=<NllLossBackward>)"
206,207,"tensor(0.0077, dtype=torch.float64, grad_fn=<NllLossBackward>)"
207,208,"tensor(0.0064, dtype=torch.float64, grad_fn=<NllLossBackward>)"
208,209,"tensor(0.0117, dtype=torch.float64, grad_fn=<NllLossBackward>)"
209,210,"tensor(5.7942e-06, dtype=torch.float64, grad_fn=<NllLossBackward>)"
210,211,"tensor(8.9155e-06, dtype=torch.float64, grad_fn=<NllLossBackward>)"
211,212,"tensor(3.7150e-06, dtype=torch.float64, grad_fn=<NllLossBackward>)"
212,213,"tensor(2.0440e-06, dtype=torch.float64, grad_fn=<NllLossBackward>)"
213,214,"tensor(3.4466e-06, dtype=torch.float64, grad_fn=<NllLossBackward>)"
214,215,"tensor(0.0012, dtype=torch.float64, grad_fn=<NllLossBackward>)"
215,216,"tensor(0.0006, dtype=torch.float64, grad_fn=<NllLossBackward>)"
216,217,"tensor(0.0012, dtype=torch.float64, grad_fn=<NllLossBackward>)"
217,218,"tensor(0.0009, dtype=torch.float64, grad_fn=<NllLossBackward>)"
218,219,"tensor(0.0011, dtype=torch.float64, grad_fn=<NllLossBackward>)"
219,220,"tensor(0.0003, dtype=torch.float64, grad_fn=<NllLossBackward>)"
220,221,"tensor(0.0001, dtype=torch.float64, grad_fn=<NllLossBackward>)"
221,222,"tensor(0.0003, dtype=torch.float64, grad_fn=<NllLossBackward>)"
222,223,"tensor(0.0004, dtype=torch.float64, grad_fn=<NllLossBackward>)"
223,224,"tensor(0.0002, dtype=torch.float64, grad_fn=<NllLossBackward>)"
224,225,"tensor(0.0039, dtype=torch.float64, grad_fn=<NllLossBackward>)"
225,226,"tensor(0.0048, dtype=torch.float64, grad_fn=<NllLossBackward>)"
226,227,"tensor(0.0034, dtype=torch.float64, grad_fn=<NllLossBackward>)"
227,228,"tensor(0.0035, dtype=torch.float64, grad_fn=<NllLossBackward>)"
228,229,"tensor(0.0036, dtype=torch.float64, grad_fn=<NllLossBackward>)"
229,230,"tensor(0.0007, dtype=torch.float64, grad_fn=<NllLossBackward>)"
230,231,"tensor(0.0010, dtype=torch.float64, grad_fn=<NllLossBackward>)"
231,232,"tensor(0.0003, dtype=torch.float64, grad_fn=<NllLossBackward>)"
232,233,"tensor(0.0004, dtype=torch.float64, grad_fn=<NllLossBackward>)"
233,234,"tensor(0.0005, dtype=torch.float64, grad_fn=<NllLossBackward>)"
234,235,"tensor(0.0042, dtype=torch.float64, grad_fn=<NllLossBackward>)"
235,236,"tensor(0.0043, dtype=torch.float64, grad_fn=<NllLossBackward>)"
236,237,"tensor(0.0059, dtype=torch.float64, grad_fn=<NllLossBackward>)"
237,238,"tensor(0.0036, dtype=torch.float64, grad_fn=<NllLossBackward>)"
238,239,"tensor(0.0034, dtype=torch.float64, grad_fn=<NllLossBackward>)"
239,240,"tensor(0.0025, dtype=torch.float64, grad_fn=<NllLossBackward>)"
240,241,"tensor(0.0047, dtype=torch.float64, grad_fn=<NllLossBackward>)"
241,242,"tensor(0.0040, dtype=torch.float64, grad_fn=<NllLossBackward>)"
242,243,"tensor(0.0060, dtype=torch.float64, grad_fn=<NllLossBackward>)"
243,244,"tensor(0.0056, dtype=torch.float64, grad_fn=<NllLossBackward>)"
244,245,"tensor(0.0045, dtype=torch.float64, grad_fn=<NllLossBackward>)"
245,246,"tensor(0.0043, dtype=torch.float64, grad_fn=<NllLossBackward>)"
246,247,"tensor(0.0031, dtype=torch.float64, grad_fn=<NllLossBackward>)"
247,248,"tensor(0.0054, dtype=torch.float64, grad_fn=<NllLossBackward>)"
248,249,"tensor(0.0177, dtype=torch.float64, grad_fn=<NllLossBackward>)"
249,250,"tensor(0.0005, dtype=torch.float64, grad_fn=<NllLossBackward>)"
250,251,"tensor(0.0005, dtype=torch.float64, grad_fn=<NllLossBackward>)"
251,252,"tensor(0.0008, dtype=torch.float64, grad_fn=<NllLossBackward>)"
252,253,"tensor(0.0008, dtype=torch.float64, grad_fn=<NllLossBackward>)"
253,254,"tensor(0.0010, dtype=torch.float64, grad_fn=<NllLossBackward>)"
254,255,"tensor(1.7495e-05, dtype=torch.float64, grad_fn=<NllLossBackward>)"
255,256,"tensor(1.1552e-05, dtype=torch.float64, grad_fn=<NllLossBackward>)"
256,257,"tensor(2.7167e-05, dtype=torch.float64, grad_fn=<NllLossBackward>)"
257,258,"tensor(1.4148e-05, dtype=torch.float64, grad_fn=<NllLossBackward>)"
258,259,"tensor(1.7577e-05, dtype=torch.float64, grad_fn=<NllLossBackward>)"
259,260,"tensor(0.0005, dtype=torch.float64, grad_fn=<NllLossBackward>)"
260,261,"tensor(0.0006, dtype=torch.float64, grad_fn=<NllLossBackward>)"
261,262,"tensor(0.0006, dtype=torch.float64, grad_fn=<NllLossBackward>)"
262,263,"tensor(0.0005, dtype=torch.float64, grad_fn=<NllLossBackward>)"
263,264,"tensor(0.0005, dtype=torch.float64, grad_fn=<NllLossBackward>)"
264,265,"tensor(0.0008, dtype=torch.float64, grad_fn=<NllLossBackward>)"
265,266,"tensor(0.0010, dtype=torch.float64, grad_fn=<NllLossBackward>)"
266,267,"tensor(0.0013, dtype=torch.float64, grad_fn=<NllLossBackward>)"
267,268,"tensor(0.0006, dtype=torch.float64, grad_fn=<NllLossBackward>)"
268,269,"tensor(0.0006, dtype=torch.float64, grad_fn=<NllLossBackward>)"
269,270,"tensor(0.0021, dtype=torch.float64, grad_fn=<NllLossBackward>)"
270,271,"tensor(0.0038, dtype=torch.float64, grad_fn=<NllLossBackward>)"
271,272,"tensor(0.0072, dtype=torch.float64, grad_fn=<NllLossBackward>)"
272,273,"tensor(0.0061, dtype=torch.float64, grad_fn=<NllLossBackward>)"
273,274,"tensor(0.0024, dtype=torch.float64, grad_fn=<NllLossBackward>)"
274,275,"tensor(0.0017, dtype=torch.float64, grad_fn=<NllLossBackward>)"
275,276,"tensor(0.0021, dtype=torch.float64, grad_fn=<NllLossBackward>)"
276,277,"tensor(0.0036, dtype=torch.float64, grad_fn=<NllLossBackward>)"
277,278,"tensor(0.0053, dtype=torch.float64, grad_fn=<NllLossBackward>)"
278,279,"tensor(0.0014, dtype=torch.float64, grad_fn=<NllLossBackward>)"
279,280,"tensor(1.0493e-05, dtype=torch.float64, grad_fn=<NllLossBackward>)"
280,281,"tensor(1.0939e-05, dtype=torch.float64, grad_fn=<NllLossBackward>)"
281,282,"tensor(1.0810e-05, dtype=torch.float64, grad_fn=<NllLossBackward>)"
282,283,"tensor(1.0298e-05, dtype=torch.float64, grad_fn=<NllLossBackward>)"
283,284,"tensor(1.4929e-05, dtype=torch.float64, grad_fn=<NllLossBackward>)"
284,285,"tensor(0.0003, dtype=torch.float64, grad_fn=<NllLossBackward>)"
285,286,"tensor(0.0002, dtype=torch.float64, grad_fn=<NllLossBackward>)"
286,287,"tensor(0.0003, dtype=torch.float64, grad_fn=<NllLossBackward>)"
287,288,"tensor(0.0003, dtype=torch.float64, grad_fn=<NllLossBackward>)"
288,289,"tensor(0.0003, dtype=torch.float64, grad_fn=<NllLossBackward>)"
289,290,"tensor(0.0004, dtype=torch.float64, grad_fn=<NllLossBackward>)"
290,291,"tensor(0.0003, dtype=torch.float64, grad_fn=<NllLossBackward>)"
291,292,"tensor(0.0004, dtype=torch.float64, grad_fn=<NllLossBackward>)"
292,293,"tensor(0.0003, dtype=torch.float64, grad_fn=<NllLossBackward>)"
293,294,"tensor(0.0004, dtype=torch.float64, grad_fn=<NllLossBackward>)"
294,295,"tensor(0.0007, dtype=torch.float64, grad_fn=<NllLossBackward>)"
295,296,"tensor(0.0009, dtype=torch.float64, grad_fn=<NllLossBackward>)"
296,297,"tensor(0.0014, dtype=torch.float64, grad_fn=<NllLossBackward>)"
297,298,"tensor(0.0024, dtype=torch.float64, grad_fn=<NllLossBackward>)"
298,299,"tensor(0.0004, dtype=torch.float64, grad_fn=<NllLossBackward>)"
299,300,"tensor(4.6112e-06, dtype=torch.float64, grad_fn=<NllLossBackward>)"
300,301,"tensor(3.7474e-06, dtype=torch.float64, grad_fn=<NllLossBackward>)"
301,302,"tensor(2.5347e-06, dtype=torch.float64, grad_fn=<NllLossBackward>)"
302,303,"tensor(3.8884e-06, dtype=torch.float64, grad_fn=<NllLossBackward>)"
303,304,"tensor(3.1683e-06, dtype=torch.float64, grad_fn=<NllLossBackward>)"
304,305,"tensor(0.0029, dtype=torch.float64, grad_fn=<NllLossBackward>)"
305,306,"tensor(0.0008, dtype=torch.float64, grad_fn=<NllLossBackward>)"
306,307,"tensor(0.0032, dtype=torch.float64, grad_fn=<NllLossBackward>)"
307,308,"tensor(0.0014, dtype=torch.float64, grad_fn=<NllLossBackward>)"
308,309,"tensor(0.0008, dtype=torch.float64, grad_fn=<NllLossBackward>)"
309,310,"tensor(0.0007, dtype=torch.float64, grad_fn=<NllLossBackward>)"
310,311,"tensor(0.0006, dtype=torch.float64, grad_fn=<NllLossBackward>)"
311,312,"tensor(0.0006, dtype=torch.float64, grad_fn=<NllLossBackward>)"
312,313,"tensor(0.0008, dtype=torch.float64, grad_fn=<NllLossBackward>)"
313,314,"tensor(0.0008, dtype=torch.float64, grad_fn=<NllLossBackward>)"
314,315,"tensor(0.0006, dtype=torch.float64, grad_fn=<NllLossBackward>)"
315,316,"tensor(0.0004, dtype=torch.float64, grad_fn=<NllLossBackward>)"
316,317,"tensor(0.0005, dtype=torch.float64, grad_fn=<NllLossBackward>)"
317,318,"tensor(0.0004, dtype=torch.float64, grad_fn=<NllLossBackward>)"
318,319,"tensor(0.0017, dtype=torch.float64, grad_fn=<NllLossBackward>)"
319,320,"tensor(0.0002, dtype=torch.float64, grad_fn=<NllLossBackward>)"
320,321,"tensor(0.0005, dtype=torch.float64, grad_fn=<NllLossBackward>)"
321,322,"tensor(0.0003, dtype=torch.float64, grad_fn=<NllLossBackward>)"
322,323,"tensor(0.0002, dtype=torch.float64, grad_fn=<NllLossBackward>)"
323,324,"tensor(0.0003, dtype=torch.float64, grad_fn=<NllLossBackward>)"
324,325,"tensor(0.0002, dtype=torch.float64, grad_fn=<NllLossBackward>)"
325,326,"tensor(0.0002, dtype=torch.float64, grad_fn=<NllLossBackward>)"
326,327,"tensor(0.0005, dtype=torch.float64, grad_fn=<NllLossBackward>)"
327,328,"tensor(0.0003, dtype=torch.float64, grad_fn=<NllLossBackward>)"
328,329,"tensor(0.0003, dtype=torch.float64, grad_fn=<NllLossBackward>)"
329,330,"tensor(0.0006, dtype=torch.float64, grad_fn=<NllLossBackward>)"
330,331,"tensor(0.0008, dtype=torch.float64, grad_fn=<NllLossBackward>)"
331,332,"tensor(0.0004, dtype=torch.float64, grad_fn=<NllLossBackward>)"
332,333,"tensor(0.0009, dtype=torch.float64, grad_fn=<NllLossBackward>)"
333,334,"tensor(0.0006, dtype=torch.float64, grad_fn=<NllLossBackward>)"
334,335,"tensor(0.0015, dtype=torch.float64, grad_fn=<NllLossBackward>)"
335,336,"tensor(0.0008, dtype=torch.float64, grad_fn=<NllLossBackward>)"
336,337,"tensor(0.0016, dtype=torch.float64, grad_fn=<NllLossBackward>)"
337,338,"tensor(0.0014, dtype=torch.float64, grad_fn=<NllLossBackward>)"
338,339,"tensor(0.0006, dtype=torch.float64, grad_fn=<NllLossBackward>)"
339,340,"tensor(0.0006, dtype=torch.float64, grad_fn=<NllLossBackward>)"
340,341,"tensor(0.0008, dtype=torch.float64, grad_fn=<NllLossBackward>)"
341,342,"tensor(0.0006, dtype=torch.float64, grad_fn=<NllLossBackward>)"
342,343,"tensor(0.0006, dtype=torch.float64, grad_fn=<NllLossBackward>)"
343,344,"tensor(0.0005, dtype=torch.float64, grad_fn=<NllLossBackward>)"
344,345,"tensor(0.0013, dtype=torch.float64, grad_fn=<NllLossBackward>)"
345,346,"tensor(0.0017, dtype=torch.float64, grad_fn=<NllLossBackward>)"
346,347,"tensor(0.0017, dtype=torch.float64, grad_fn=<NllLossBackward>)"
347,348,"tensor(0.0005, dtype=torch.float64, grad_fn=<NllLossBackward>)"
348,349,"tensor(0.0012, dtype=torch.float64, grad_fn=<NllLossBackward>)"
349,350,"tensor(4.6244e-06, dtype=torch.float64, grad_fn=<NllLossBackward>)"
350,351,"tensor(6.4168e-06, dtype=torch.float64, grad_fn=<NllLossBackward>)"
351,352,"tensor(3.9153e-06, dtype=torch.float64, grad_fn=<NllLossBackward>)"
352,353,"tensor(2.5127e-06, dtype=torch.float64, grad_fn=<NllLossBackward>)"
353,354,"tensor(6.1756e-06, dtype=torch.float64, grad_fn=<NllLossBackward>)"
354,355,"tensor(0.0004, dtype=torch.float64, grad_fn=<NllLossBackward>)"
355,356,"tensor(0.0005, dtype=torch.float64, grad_fn=<NllLossBackward>)"
356,357,"tensor(0.0004, dtype=torch.float64, grad_fn=<NllLossBackward>)"
357,358,"tensor(0.0004, dtype=torch.float64, grad_fn=<NllLossBackward>)"
358,359,"tensor(0.0005, dtype=torch.float64, grad_fn=<NllLossBackward>)"
359,360,"tensor(1.0143e-05, dtype=torch.float64, grad_fn=<NllLossBackward>)"
360,361,"tensor(1.4876e-05, dtype=torch.float64, grad_fn=<NllLossBackward>)"
361,362,"tensor(1.7284e-05, dtype=torch.float64, grad_fn=<NllLossBackward>)"
362,363,"tensor(7.8896e-06, dtype=torch.float64, grad_fn=<NllLossBackward>)"
363,364,"tensor(1.1554e-05, dtype=torch.float64, grad_fn=<NllLossBackward>)"
364,365,"tensor(0.0010, dtype=torch.float64, grad_fn=<NllLossBackward>)"
365,366,"tensor(0.0008, dtype=torch.float64, grad_fn=<NllLossBackward>)"
366,367,"tensor(0.0014, dtype=torch.float64, grad_fn=<NllLossBackward>)"
367,368,"tensor(0.0013, dtype=torch.float64, grad_fn=<NllLossBackward>)"
368,369,"tensor(0.0013, dtype=torch.float64, grad_fn=<NllLossBackward>)"
369,370,"tensor(0.0004, dtype=torch.float64, grad_fn=<NllLossBackward>)"
370,371,"tensor(0.0003, dtype=torch.float64, grad_fn=<NllLossBackward>)"
371,372,"tensor(0.0002, dtype=torch.float64, grad_fn=<NllLossBackward>)"
372,373,"tensor(0.0002, dtype=torch.float64, grad_fn=<NllLossBackward>)"
373,374,"tensor(0.0003, dtype=torch.float64, grad_fn=<NllLossBackward>)"
374,375,"tensor(1.3940e-05, dtype=torch.float64, grad_fn=<NllLossBackward>)"
375,376,"tensor(8.8857e-06, dtype=torch.float64, grad_fn=<NllLossBackward>)"
376,377,"tensor(1.5195e-05, dtype=torch.float64, grad_fn=<NllLossBackward>)"
377,378,"tensor(2.1651e-05, dtype=torch.float64, grad_fn=<NllLossBackward>)"
378,379,"tensor(2.1470e-05, dtype=torch.float64, grad_fn=<NllLossBackward>)"
379,380,"tensor(1.6233e-06, dtype=torch.float64, grad_fn=<NllLossBackward>)"
380,381,"tensor(5.7021e-07, dtype=torch.float64, grad_fn=<NllLossBackward>)"
381,382,"tensor(5.2664e-07, dtype=torch.float64, grad_fn=<NllLossBackward>)"
382,383,"tensor(5.3815e-07, dtype=torch.float64, grad_fn=<NllLossBackward>)"
383,384,"tensor(5.7100e-07, dtype=torch.float64, grad_fn=<NllLossBackward>)"
384,385,"tensor(0.0007, dtype=torch.float64, grad_fn=<NllLossBackward>)"
385,386,"tensor(0.0008, dtype=torch.float64, grad_fn=<NllLossBackward>)"
386,387,"tensor(0.0009, dtype=torch.float64, grad_fn=<NllLossBackward>)"
387,388,"tensor(0.0007, dtype=torch.float64, grad_fn=<NllLossBackward>)"
388,389,"tensor(0.0007, dtype=torch.float64, grad_fn=<NllLossBackward>)"
389,390,"tensor(1.0859e-06, dtype=torch.float64, grad_fn=<NllLossBackward>)"
390,391,"tensor(5.1472e-07, dtype=torch.float64, grad_fn=<NllLossBackward>)"
391,392,"tensor(6.2380e-07, dtype=torch.float64, grad_fn=<NllLossBackward>)"
392,393,"tensor(4.3583e-06, dtype=torch.float64, grad_fn=<NllLossBackward>)"
393,394,"tensor(4.0731e-07, dtype=torch.float64, grad_fn=<NllLossBackward>)"
394,395,"tensor(0.0014, dtype=torch.float64, grad_fn=<NllLossBackward>)"
395,396,"tensor(0.0026, dtype=torch.float64, grad_fn=<NllLossBackward>)"
396,397,"tensor(0.0014, dtype=torch.float64, grad_fn=<NllLossBackward>)"
397,398,"tensor(0.0019, dtype=torch.float64, grad_fn=<NllLossBackward>)"
398,399,"tensor(0.0023, dtype=torch.float64, grad_fn=<NllLossBackward>)"
399,400,"tensor(0.0004, dtype=torch.float64, grad_fn=<NllLossBackward>)"
400,401,"tensor(0.0003, dtype=torch.float64, grad_fn=<NllLossBackward>)"
401,402,"tensor(0.0002, dtype=torch.float64, grad_fn=<NllLossBackward>)"
402,403,"tensor(0.0002, dtype=torch.float64, grad_fn=<NllLossBackward>)"
403,404,"tensor(0.0002, dtype=torch.float64, grad_fn=<NllLossBackward>)"
404,405,"tensor(0.0003, dtype=torch.float64, grad_fn=<NllLossBackward>)"
405,406,"tensor(0.0003, dtype=torch.float64, grad_fn=<NllLossBackward>)"
406,407,"tensor(0.0014, dtype=torch.float64, grad_fn=<NllLossBackward>)"
407,408,"tensor(0.0005, dtype=torch.float64, grad_fn=<NllLossBackward>)"
408,409,"tensor(0.0003, dtype=torch.float64, grad_fn=<NllLossBackward>)"
409,410,"tensor(0.0002, dtype=torch.float64, grad_fn=<NllLossBackward>)"
410,411,"tensor(0.0002, dtype=torch.float64, grad_fn=<NllLossBackward>)"
411,412,"tensor(0.0004, dtype=torch.float64, grad_fn=<NllLossBackward>)"
412,413,"tensor(0.0003, dtype=torch.float64, grad_fn=<NllLossBackward>)"
413,414,"tensor(0.0002, dtype=torch.float64, grad_fn=<NllLossBackward>)"
414,415,"tensor(0.0002, dtype=torch.float64, grad_fn=<NllLossBackward>)"
415,416,"tensor(0.0003, dtype=torch.float64, grad_fn=<NllLossBackward>)"
416,417,"tensor(0.0003, dtype=torch.float64, grad_fn=<NllLossBackward>)"
417,418,"tensor(0.0009, dtype=torch.float64, grad_fn=<NllLossBackward>)"
418,419,"tensor(0.0003, dtype=torch.float64, grad_fn=<NllLossBackward>)"
419,420,"tensor(6.7468e-05, dtype=torch.float64, grad_fn=<NllLossBackward>)"
420,421,"tensor(6.6596e-05, dtype=torch.float64, grad_fn=<NllLossBackward>)"
421,422,"tensor(0.0001, dtype=torch.float64, grad_fn=<NllLossBackward>)"
422,423,"tensor(7.7802e-05, dtype=torch.float64, grad_fn=<NllLossBackward>)"
423,424,"tensor(5.8281e-05, dtype=torch.float64, grad_fn=<NllLossBackward>)"
424,425,"tensor(0.0010, dtype=torch.float64, grad_fn=<NllLossBackward>)"
425,426,"tensor(0.0008, dtype=torch.float64, grad_fn=<NllLossBackward>)"
426,427,"tensor(0.0009, dtype=torch.float64, grad_fn=<NllLossBackward>)"
427,428,"tensor(0.0013, dtype=torch.float64, grad_fn=<NllLossBackward>)"
428,429,"tensor(0.0012, dtype=torch.float64, grad_fn=<NllLossBackward>)"
429,430,"tensor(1.9196e-06, dtype=torch.float64, grad_fn=<NllLossBackward>)"
430,431,"tensor(3.2831e-06, dtype=torch.float64, grad_fn=<NllLossBackward>)"
431,432,"tensor(6.5389e-06, dtype=torch.float64, grad_fn=<NllLossBackward>)"
432,433,"tensor(3.8755e-06, dtype=torch.float64, grad_fn=<NllLossBackward>)"
433,434,"tensor(2.2271e-06, dtype=torch.float64, grad_fn=<NllLossBackward>)"
434,435,"tensor(0.0002, dtype=torch.float64, grad_fn=<NllLossBackward>)"
435,436,"tensor(9.2574e-05, dtype=torch.float64, grad_fn=<NllLossBackward>)"
436,437,"tensor(0.0002, dtype=torch.float64, grad_fn=<NllLossBackward>)"
437,438,"tensor(0.0002, dtype=torch.float64, grad_fn=<NllLossBackward>)"
438,439,"tensor(0.0002, dtype=torch.float64, grad_fn=<NllLossBackward>)"
439,440,"tensor(0.0004, dtype=torch.float64, grad_fn=<NllLossBackward>)"
440,441,"tensor(0.0007, dtype=torch.float64, grad_fn=<NllLossBackward>)"
441,442,"tensor(0.0006, dtype=torch.float64, grad_fn=<NllLossBackward>)"
442,443,"tensor(0.0004, dtype=torch.float64, grad_fn=<NllLossBackward>)"
443,444,"tensor(0.0004, dtype=torch.float64, grad_fn=<NllLossBackward>)"
444,445,"tensor(0.0003, dtype=torch.float64, grad_fn=<NllLossBackward>)"
445,446,"tensor(0.0003, dtype=torch.float64, grad_fn=<NllLossBackward>)"
446,447,"tensor(0.0002, dtype=torch.float64, grad_fn=<NllLossBackward>)"
447,448,"tensor(0.0005, dtype=torch.float64, grad_fn=<NllLossBackward>)"
448,449,"tensor(0.0002, dtype=torch.float64, grad_fn=<NllLossBackward>)"
449,450,"tensor(0.0002, dtype=torch.float64, grad_fn=<NllLossBackward>)"
450,451,"tensor(0.0003, dtype=torch.float64, grad_fn=<NllLossBackward>)"
451,452,"tensor(0.0003, dtype=torch.float64, grad_fn=<NllLossBackward>)"
452,453,"tensor(0.0003, dtype=torch.float64, grad_fn=<NllLossBackward>)"
453,454,"tensor(0.0004, dtype=torch.float64, grad_fn=<NllLossBackward>)"
454,455,"tensor(0.0006, dtype=torch.float64, grad_fn=<NllLossBackward>)"
455,456,"tensor(0.0002, dtype=torch.float64, grad_fn=<NllLossBackward>)"
456,457,"tensor(0.0002, dtype=torch.float64, grad_fn=<NllLossBackward>)"
457,458,"tensor(0.0002, dtype=torch.float64, grad_fn=<NllLossBackward>)"
458,459,"tensor(0.0003, dtype=torch.float64, grad_fn=<NllLossBackward>)"
459,460,"tensor(0.0001, dtype=torch.float64, grad_fn=<NllLossBackward>)"
460,461,"tensor(0.0002, dtype=torch.float64, grad_fn=<NllLossBackward>)"
461,462,"tensor(0.0001, dtype=torch.float64, grad_fn=<NllLossBackward>)"
462,463,"tensor(0.0001, dtype=torch.float64, grad_fn=<NllLossBackward>)"
463,464,"tensor(0.0001, dtype=torch.float64, grad_fn=<NllLossBackward>)"
464,465,"tensor(0.0022, dtype=torch.float64, grad_fn=<NllLossBackward>)"
465,466,"tensor(0.0009, dtype=torch.float64, grad_fn=<NllLossBackward>)"
466,467,"tensor(0.0008, dtype=torch.float64, grad_fn=<NllLossBackward>)"
467,468,"tensor(0.0015, dtype=torch.float64, grad_fn=<NllLossBackward>)"
468,469,"tensor(0.0012, dtype=torch.float64, grad_fn=<NllLossBackward>)"
469,470,"tensor(1.4854e-05, dtype=torch.float64, grad_fn=<NllLossBackward>)"
470,471,"tensor(7.7313e-06, dtype=torch.float64, grad_fn=<NllLossBackward>)"
471,472,"tensor(5.3487e-06, dtype=torch.float64, grad_fn=<NllLossBackward>)"
472,473,"tensor(2.6201e-05, dtype=torch.float64, grad_fn=<NllLossBackward>)"
473,474,"tensor(2.7010e-06, dtype=torch.float64, grad_fn=<NllLossBackward>)"
474,475,"tensor(3.9282e-06, dtype=torch.float64, grad_fn=<NllLossBackward>)"
475,476,"tensor(2.9195e-06, dtype=torch.float64, grad_fn=<NllLossBackward>)"
476,477,"tensor(3.8289e-06, dtype=torch.float64, grad_fn=<NllLossBackward>)"
477,478,"tensor(3.6411e-06, dtype=torch.float64, grad_fn=<NllLossBackward>)"
478,479,"tensor(3.2648e-06, dtype=torch.float64, grad_fn=<NllLossBackward>)"
479,480,"tensor(2.1111e-06, dtype=torch.float64, grad_fn=<NllLossBackward>)"
480,481,"tensor(2.0523e-06, dtype=torch.float64, grad_fn=<NllLossBackward>)"
481,482,"tensor(1.1267e-06, dtype=torch.float64, grad_fn=<NllLossBackward>)"
482,483,"tensor(2.6159e-06, dtype=torch.float64, grad_fn=<NllLossBackward>)"
483,484,"tensor(9.8801e-06, dtype=torch.float64, grad_fn=<NllLossBackward>)"
484,485,"tensor(0.0001, dtype=torch.float64, grad_fn=<NllLossBackward>)"
485,486,"tensor(0.0001, dtype=torch.float64, grad_fn=<NllLossBackward>)"
486,487,"tensor(0.0001, dtype=torch.float64, grad_fn=<NllLossBackward>)"
487,488,"tensor(0.0001, dtype=torch.float64, grad_fn=<NllLossBackward>)"
488,489,"tensor(0.0002, dtype=torch.float64, grad_fn=<NllLossBackward>)"
489,490,"tensor(0.0001, dtype=torch.float64, grad_fn=<NllLossBackward>)"
490,491,"tensor(0.0003, dtype=torch.float64, grad_fn=<NllLossBackward>)"
491,492,"tensor(9.7784e-05, dtype=torch.float64, grad_fn=<NllLossBackward>)"
492,493,"tensor(5.9422e-05, dtype=torch.float64, grad_fn=<NllLossBackward>)"
493,494,"tensor(0.0001, dtype=torch.float64, grad_fn=<NllLossBackward>)"
494,495,"tensor(7.8282e-07, dtype=torch.float64, grad_fn=<NllLossBackward>)"
495,496,"tensor(6.8817e-07, dtype=torch.float64, grad_fn=<NllLossBackward>)"
496,497,"tensor(5.0504e-07, dtype=torch.float64, grad_fn=<NllLossBackward>)"
497,498,"tensor(3.1883e-07, dtype=torch.float64, grad_fn=<NllLossBackward>)"
498,499,"tensor(7.6431e-07, dtype=torch.float64, grad_fn=<NllLossBackward>)"
499,500,"tensor(1.6583e-06, dtype=torch.float64, grad_fn=<NllLossBackward>)"
500,501,"tensor(6.5311e-07, dtype=torch.float64, grad_fn=<NllLossBackward>)"
501,502,"tensor(2.9518e-07, dtype=torch.float64, grad_fn=<NllLossBackward>)"
502,503,"tensor(3.9563e-06, dtype=torch.float64, grad_fn=<NllLossBackward>)"
503,504,"tensor(1.6563e-06, dtype=torch.float64, grad_fn=<NllLossBackward>)"
504,505,"tensor(0.0002, dtype=torch.float64, grad_fn=<NllLossBackward>)"
505,506,"tensor(0.0001, dtype=torch.float64, grad_fn=<NllLossBackward>)"
506,507,"tensor(0.0001, dtype=torch.float64, grad_fn=<NllLossBackward>)"
507,508,"tensor(0.0003, dtype=torch.float64, grad_fn=<NllLossBackward>)"
508,509,"tensor(0.0001, dtype=torch.float64, grad_fn=<NllLossBackward>)"
509,510,"tensor(0.0005, dtype=torch.float64, grad_fn=<NllLossBackward>)"
510,511,"tensor(0.0003, dtype=torch.float64, grad_fn=<NllLossBackward>)"
511,512,"tensor(0.0008, dtype=torch.float64, grad_fn=<NllLossBackward>)"
512,513,"tensor(0.0005, dtype=torch.float64, grad_fn=<NllLossBackward>)"
513,514,"tensor(0.0008, dtype=torch.float64, grad_fn=<NllLossBackward>)"
514,515,"tensor(7.7079e-07, dtype=torch.float64, grad_fn=<NllLossBackward>)"
515,516,"tensor(7.4985e-07, dtype=torch.float64, grad_fn=<NllLossBackward>)"
516,517,"tensor(8.7238e-07, dtype=torch.float64, grad_fn=<NllLossBackward>)"
517,518,"tensor(9.4997e-07, dtype=torch.float64, grad_fn=<NllLossBackward>)"
518,519,"tensor(2.0996e-07, dtype=torch.float64, grad_fn=<NllLossBackward>)"
519,520,"tensor(0.0003, dtype=torch.float64, grad_fn=<NllLossBackward>)"
520,521,"tensor(0.0003, dtype=torch.float64, grad_fn=<NllLossBackward>)"
521,522,"tensor(0.0002, dtype=torch.float64, grad_fn=<NllLossBackward>)"
522,523,"tensor(0.0003, dtype=torch.float64, grad_fn=<NllLossBackward>)"
523,524,"tensor(0.0002, dtype=torch.float64, grad_fn=<NllLossBackward>)"
524,525,"tensor(1.4548e-05, dtype=torch.float64, grad_fn=<NllLossBackward>)"
525,526,"tensor(3.3532e-05, dtype=torch.float64, grad_fn=<NllLossBackward>)"
526,527,"tensor(1.8311e-05, dtype=torch.float64, grad_fn=<NllLossBackward>)"
527,528,"tensor(1.5925e-05, dtype=torch.float64, grad_fn=<NllLossBackward>)"
528,529,"tensor(1.8520e-05, dtype=torch.float64, grad_fn=<NllLossBackward>)"
529,530,"tensor(2.2934e-05, dtype=torch.float64, grad_fn=<NllLossBackward>)"
530,531,"tensor(2.9206e-05, dtype=torch.float64, grad_fn=<NllLossBackward>)"
531,532,"tensor(1.8117e-05, dtype=torch.float64, grad_fn=<NllLossBackward>)"
532,533,"tensor(2.8279e-05, dtype=torch.float64, grad_fn=<NllLossBackward>)"
533,534,"tensor(3.5324e-05, dtype=torch.float64, grad_fn=<NllLossBackward>)"
534,535,"tensor(0.0004, dtype=torch.float64, grad_fn=<NllLossBackward>)"
535,536,"tensor(0.0002, dtype=torch.float64, grad_fn=<NllLossBackward>)"
536,537,"tensor(0.0003, dtype=torch.float64, grad_fn=<NllLossBackward>)"
537,538,"tensor(0.0003, dtype=torch.float64, grad_fn=<NllLossBackward>)"
538,539,"tensor(0.0003, dtype=torch.float64, grad_fn=<NllLossBackward>)"
539,540,"tensor(4.7528e-07, dtype=torch.float64, grad_fn=<NllLossBackward>)"
540,541,"tensor(5.2574e-07, dtype=torch.float64, grad_fn=<NllLossBackward>)"
541,542,"tensor(5.0633e-07, dtype=torch.float64, grad_fn=<NllLossBackward>)"
542,543,"tensor(1.1381e-06, dtype=torch.float64, grad_fn=<NllLossBackward>)"
543,544,"tensor(4.9109e-07, dtype=torch.float64, grad_fn=<NllLossBackward>)"
544,545,"tensor(0.0006, dtype=torch.float64, grad_fn=<NllLossBackward>)"
545,546,"tensor(0.0010, dtype=torch.float64, grad_fn=<NllLossBackward>)"
546,547,"tensor(0.0005, dtype=torch.float64, grad_fn=<NllLossBackward>)"
547,548,"tensor(0.0005, dtype=torch.float64, grad_fn=<NllLossBackward>)"
548,549,"tensor(0.0005, dtype=torch.float64, grad_fn=<NllLossBackward>)"
549,550,"tensor(5.3456e-08, dtype=torch.float64, grad_fn=<NllLossBackward>)"
550,551,"tensor(2.2853e-07, dtype=torch.float64, grad_fn=<NllLossBackward>)"
551,552,"tensor(2.1161e-07, dtype=torch.float64, grad_fn=<NllLossBackward>)"
552,553,"tensor(7.4106e-07, dtype=torch.float64, grad_fn=<NllLossBackward>)"
553,554,"tensor(2.2449e-07, dtype=torch.float64, grad_fn=<NllLossBackward>)"
554,555,"tensor(0.0001, dtype=torch.float64, grad_fn=<NllLossBackward>)"
555,556,"tensor(3.8368e-05, dtype=torch.float64, grad_fn=<NllLossBackward>)"
556,557,"tensor(6.8367e-05, dtype=torch.float64, grad_fn=<NllLossBackward>)"
557,558,"tensor(0.0001, dtype=torch.float64, grad_fn=<NllLossBackward>)"
558,559,"tensor(0.0001, dtype=torch.float64, grad_fn=<NllLossBackward>)"
559,560,"tensor(2.2500e-05, dtype=torch.float64, grad_fn=<NllLossBackward>)"
560,561,"tensor(2.3515e-05, dtype=torch.float64, grad_fn=<NllLossBackward>)"
561,562,"tensor(2.2418e-05, dtype=torch.float64, grad_fn=<NllLossBackward>)"
562,563,"tensor(2.2370e-05, dtype=torch.float64, grad_fn=<NllLossBackward>)"
563,564,"tensor(3.2645e-05, dtype=torch.float64, grad_fn=<NllLossBackward>)"
564,565,"tensor(1.2620e-05, dtype=torch.float64, grad_fn=<NllLossBackward>)"
565,566,"tensor(1.3932e-05, dtype=torch.float64, grad_fn=<NllLossBackward>)"
566,567,"tensor(1.0201e-05, dtype=torch.float64, grad_fn=<NllLossBackward>)"
567,568,"tensor(1.3312e-05, dtype=torch.float64, grad_fn=<NllLossBackward>)"
568,569,"tensor(1.2774e-05, dtype=torch.float64, grad_fn=<NllLossBackward>)"
569,570,"tensor(0.0002, dtype=torch.float64, grad_fn=<NllLossBackward>)"
570,571,"tensor(0.0001, dtype=torch.float64, grad_fn=<NllLossBackward>)"
571,572,"tensor(0.0001, dtype=torch.float64, grad_fn=<NllLossBackward>)"
572,573,"tensor(0.0003, dtype=torch.float64, grad_fn=<NllLossBackward>)"
573,574,"tensor(0.0002, dtype=torch.float64, grad_fn=<NllLossBackward>)"
574,575,"tensor(2.8506e-05, dtype=torch.float64, grad_fn=<NllLossBackward>)"
575,576,"tensor(7.8467e-05, dtype=torch.float64, grad_fn=<NllLossBackward>)"
576,577,"tensor(7.6072e-05, dtype=torch.float64, grad_fn=<NllLossBackward>)"
577,578,"tensor(0.0002, dtype=torch.float64, grad_fn=<NllLossBackward>)"
578,579,"tensor(0.0002, dtype=torch.float64, grad_fn=<NllLossBackward>)"
579,580,"tensor(6.0367e-05, dtype=torch.float64, grad_fn=<NllLossBackward>)"
580,581,"tensor(9.4219e-05, dtype=torch.float64, grad_fn=<NllLossBackward>)"
581,582,"tensor(5.7366e-05, dtype=torch.float64, grad_fn=<NllLossBackward>)"
582,583,"tensor(9.2468e-05, dtype=torch.float64, grad_fn=<NllLossBackward>)"
583,584,"tensor(8.7897e-05, dtype=torch.float64, grad_fn=<NllLossBackward>)"
584,585,"tensor(0.0002, dtype=torch.float64, grad_fn=<NllLossBackward>)"
585,586,"tensor(0.0001, dtype=torch.float64, grad_fn=<NllLossBackward>)"
586,587,"tensor(0.0002, dtype=torch.float64, grad_fn=<NllLossBackward>)"
587,588,"tensor(0.0003, dtype=torch.float64, grad_fn=<NllLossBackward>)"
588,589,"tensor(0.0001, dtype=torch.float64, grad_fn=<NllLossBackward>)"
589,590,"tensor(0.0015, dtype=torch.float64, grad_fn=<NllLossBackward>)"
590,591,"tensor(0.0004, dtype=torch.float64, grad_fn=<NllLossBackward>)"
591,592,"tensor(0.0003, dtype=torch.float64, grad_fn=<NllLossBackward>)"
592,593,"tensor(0.0004, dtype=torch.float64, grad_fn=<NllLossBackward>)"
593,594,"tensor(0.0005, dtype=torch.float64, grad_fn=<NllLossBackward>)"
594,595,"tensor(0.0006, dtype=torch.float64, grad_fn=<NllLossBackward>)"
595,596,"tensor(0.0003, dtype=torch.float64, grad_fn=<NllLossBackward>)"
596,597,"tensor(0.0004, dtype=torch.float64, grad_fn=<NllLossBackward>)"
597,598,"tensor(0.0005, dtype=torch.float64, grad_fn=<NllLossBackward>)"
598,599,"tensor(0.0005, dtype=torch.float64, grad_fn=<NllLossBackward>)"
